parent_directory,is_file,name,size_in_bytes
C:\Users\Asus\Desktop\учеба\ДЗ\python\Dive into python,True,HW1.Task1.py,2026
C:\Users\Asus\Desktop\учеба\ДЗ\python\Dive into python,True,HW1.Task2.py,881
C:\Users\Asus\Desktop\учеба\ДЗ\python\Dive into python,True,HW1.Task3.py,1176
C:\Users\Asus\Desktop\учеба\ДЗ\python\Dive into python,True,HW2.Task1.py,606
C:\Users\Asus\Desktop\учеба\ДЗ\python\Dive into python,True,HW2.Task2.py,2987
C:\Users\Asus\Desktop\учеба\ДЗ\python\Dive into python,True,HW3.Task1.py,570
C:\Users\Asus\Desktop\учеба\ДЗ\python\Dive into python,True,HW3.Task2.py,2629
C:\Users\Asus\Desktop\учеба\ДЗ\python\Dive into python,True,HW3.Task3.py,938
C:\Users\Asus\Desktop\учеба\ДЗ\python\Dive into python,True,HW4.Task1.py,442
C:\Users\Asus\Desktop\учеба\ДЗ\python\Dive into python,True,HW4.Task2.py,789
C:\Users\Asus\Desktop\учеба\ДЗ\python\Dive into python,True,HW4.Task3.py,4094
C:\Users\Asus\Desktop\учеба\ДЗ\python\Dive into python,True,HW5.Task1.py,690
C:\Users\Asus\Desktop\учеба\ДЗ\python\Dive into python,True,HW5.Task2.py,1018
C:\Users\Asus\Desktop\учеба\ДЗ\python\Dive into python,True,HW5.Task3.py,263
C:\Users\Asus\Desktop\учеба\ДЗ\python\Dive into python,True,HW6.py,60
C:\Users\Asus\Desktop\учеба\ДЗ\python\Dive into python,False,HW6,7067
C:\Users\Asus\Desktop\учеба\ДЗ\python\Dive into python,False,HW7,442198
C:\Users\Asus\Desktop\учеба\ДЗ\python\Dive into python,False,HW8,95592
C:\Users\Asus\Desktop\учеба\ДЗ\python\Dive into python\HW6,True,HW6.2.py,1196
C:\Users\Asus\Desktop\учеба\ДЗ\python\Dive into python\HW6,True,HW6.3.py,1123
C:\Users\Asus\Desktop\учеба\ДЗ\python\Dive into python\HW6,True,task3.py,1428
C:\Users\Asus\Desktop\учеба\ДЗ\python\Dive into python\HW6,True,task4.py,1496
C:\Users\Asus\Desktop\учеба\ДЗ\python\Dive into python\HW6,True,__init__.py,46
C:\Users\Asus\Desktop\учеба\ДЗ\python\Dive into python\HW6,False,__pycache__,1778
C:\Users\Asus\Desktop\учеба\ДЗ\python\Dive into python\HW6\__pycache__,True,task3.cpython-310.pyc,1577
C:\Users\Asus\Desktop\учеба\ДЗ\python\Dive into python\HW6\__pycache__,True,__init__.cpython-310.pyc,201
C:\Users\Asus\Desktop\учеба\ДЗ\python\Dive into python\HW7,True,data.txt,242
C:\Users\Asus\Desktop\учеба\ДЗ\python\Dive into python\HW7,True,data_names.txt,178
C:\Users\Asus\Desktop\учеба\ДЗ\python\Dive into python\HW7,True,res.txt,426
C:\Users\Asus\Desktop\учеба\ДЗ\python\Dive into python\HW7,True,Task1.HW.py,1842
C:\Users\Asus\Desktop\учеба\ДЗ\python\Dive into python\HW7,True,task1.py,1004
C:\Users\Asus\Desktop\учеба\ДЗ\python\Dive into python\HW7,True,task2.py,1549
C:\Users\Asus\Desktop\учеба\ДЗ\python\Dive into python\HW7,True,task3.py,2550
C:\Users\Asus\Desktop\учеба\ДЗ\python\Dive into python\HW7,True,task4.py,2265
C:\Users\Asus\Desktop\учеба\ДЗ\python\Dive into python\HW7,True,task5.py,971
C:\Users\Asus\Desktop\учеба\ДЗ\python\Dive into python\HW7,True,task6.py,1047
C:\Users\Asus\Desktop\учеба\ДЗ\python\Dive into python\HW7,True,__init__.py,158
C:\Users\Asus\Desktop\учеба\ДЗ\python\Dive into python\HW7,False,files,427707
C:\Users\Asus\Desktop\учеба\ДЗ\python\Dive into python\HW7,False,__pycache__,2259
C:\Users\Asus\Desktop\учеба\ДЗ\python\Dive into python\HW7\files,True,aastjnew_file29.dox,901
C:\Users\Asus\Desktop\учеба\ДЗ\python\Dive into python\HW7\files,True,adtdtnew_file27.dox,3571
C:\Users\Asus\Desktop\учеба\ДЗ\python\Dive into python\HW7\files,True,akaqonew_file11.dox,3918
C:\Users\Asus\Desktop\учеба\ДЗ\python\Dive into python\HW7\files,True,aszdvnew_file30.dox,3449
C:\Users\Asus\Desktop\учеба\ДЗ\python\Dive into python\HW7\files,True,avspdnew_file20.dox,3978
C:\Users\Asus\Desktop\учеба\ДЗ\python\Dive into python\HW7\files,True,aysdxnew_file34.dox,3555
C:\Users\Asus\Desktop\учеба\ДЗ\python\Dive into python\HW7\files,True,bcwpvnew_file18.dox,4034
C:\Users\Asus\Desktop\учеба\ДЗ\python\Dive into python\HW7\files,True,bfgahnew_file33.dox,363
C:\Users\Asus\Desktop\учеба\ДЗ\python\Dive into python\HW7\files,True,bfqjjnew_file29.dox,1145
C:\Users\Asus\Desktop\учеба\ДЗ\python\Dive into python\HW7\files,True,bnwmsnew_file04.dox,3215
C:\Users\Asus\Desktop\учеба\ДЗ\python\Dive into python\HW7\files,True,bqxmwnew_file07.dox,488
C:\Users\Asus\Desktop\учеба\ДЗ\python\Dive into python\HW7\files,True,bthibnew_file35.dox,2113
C:\Users\Asus\Desktop\учеба\ДЗ\python\Dive into python\HW7\files,True,ciivpnew_file24.dox,4052
C:\Users\Asus\Desktop\учеба\ДЗ\python\Dive into python\HW7\files,True,clifpnew_file25.dox,764
C:\Users\Asus\Desktop\учеба\ДЗ\python\Dive into python\HW7\files,True,cqaranew_file13.dox,919
C:\Users\Asus\Desktop\учеба\ДЗ\python\Dive into python\HW7\files,True,cwvffnew_file34.dox,964
C:\Users\Asus\Desktop\учеба\ДЗ\python\Dive into python\HW7\files,True,cypjrnew_file38.dox,916
C:\Users\Asus\Desktop\учеба\ДЗ\python\Dive into python\HW7\files,True,dcpzfnew_file25.dox,1990
C:\Users\Asus\Desktop\учеба\ДЗ\python\Dive into python\HW7\files,True,dgrnunew_file14.dox,1467
C:\Users\Asus\Desktop\учеба\ДЗ\python\Dive into python\HW7\files,True,dlsmqnew_file38.dox,3420
C:\Users\Asus\Desktop\учеба\ДЗ\python\Dive into python\HW7\files,True,fpdeqnew_file06.dox,2191
C:\Users\Asus\Desktop\учеба\ДЗ\python\Dive into python\HW7\files,True,fqzaenew_file26.dox,828
C:\Users\Asus\Desktop\учеба\ДЗ\python\Dive into python\HW7\files,True,gentpnew_file26.dox,658
C:\Users\Asus\Desktop\учеба\ДЗ\python\Dive into python\HW7\files,True,ghburnew_file39.dox,337
C:\Users\Asus\Desktop\учеба\ДЗ\python\Dive into python\HW7\files,True,gtnygnew_file07.dox,2279
C:\Users\Asus\Desktop\учеба\ДЗ\python\Dive into python\HW7\files,True,gxdmanew_file23.dox,2473
C:\Users\Asus\Desktop\учеба\ДЗ\python\Dive into python\HW7\files,True,hoijlnew_file04.dox,1541
C:\Users\Asus\Desktop\учеба\ДЗ\python\Dive into python\HW7\files,True,ianntnew_file01.dox,2741
C:\Users\Asus\Desktop\учеба\ДЗ\python\Dive into python\HW7\files,True,ioiiqnew_file31.dox,1850
C:\Users\Asus\Desktop\учеба\ДЗ\python\Dive into python\HW7\files,True,iqwudnew_file17.dox,3036
C:\Users\Asus\Desktop\учеба\ДЗ\python\Dive into python\HW7\files,True,jhhmonew_file05.dox,3136
C:\Users\Asus\Desktop\учеба\ДЗ\python\Dive into python\HW7\files,True,jksbqnew_file21.dox,795
C:\Users\Asus\Desktop\учеба\ДЗ\python\Dive into python\HW7\files,True,jmtjfnew_file39.dox,3498
C:\Users\Asus\Desktop\учеба\ДЗ\python\Dive into python\HW7\files,True,jmvkinew_file11.dox,1241
C:\Users\Asus\Desktop\учеба\ДЗ\python\Dive into python\HW7\files,True,jnexinew_file31.dox,484
C:\Users\Asus\Desktop\учеба\ДЗ\python\Dive into python\HW7\files,True,kaxaanew_file36.dox,1159
C:\Users\Asus\Desktop\учеба\ДЗ\python\Dive into python\HW7\files,True,kcolqnew_file02.dox,2183
C:\Users\Asus\Desktop\учеба\ДЗ\python\Dive into python\HW7\files,True,kheamnew_file41.dox,2678
C:\Users\Asus\Desktop\учеба\ДЗ\python\Dive into python\HW7\files,True,kjieenew_file23.dox,3984
C:\Users\Asus\Desktop\учеба\ДЗ\python\Dive into python\HW7\files,True,kwtuunew_file09.dox,3698
C:\Users\Asus\Desktop\учеба\ДЗ\python\Dive into python\HW7\files,True,lceqpnew_file22.dox,3875
C:\Users\Asus\Desktop\учеба\ДЗ\python\Dive into python\HW7\files,True,lcxutnew_file37.dox,2160
C:\Users\Asus\Desktop\учеба\ДЗ\python\Dive into python\HW7\files,True,lhjdvnew_file08.dox,447
C:\Users\Asus\Desktop\учеба\ДЗ\python\Dive into python\HW7\files,True,lkorgnew_file19.dox,552
C:\Users\Asus\Desktop\учеба\ДЗ\python\Dive into python\HW7\files,True,maiuxnew_file27.dox,3282
C:\Users\Asus\Desktop\учеба\ДЗ\python\Dive into python\HW7\files,True,mohwonew_file14.dox,329
C:\Users\Asus\Desktop\учеба\ДЗ\python\Dive into python\HW7\files,True,muvffnew_file12.dox,632
C:\Users\Asus\Desktop\учеба\ДЗ\python\Dive into python\HW7\files,True,myuapnew_file03.dox,2773
C:\Users\Asus\Desktop\учеба\ДЗ\python\Dive into python\HW7\files,True,nkbownew_file40.dox,913
C:\Users\Asus\Desktop\учеба\ДЗ\python\Dive into python\HW7\files,True,nnrsnnew_file08.dox,2998
C:\Users\Asus\Desktop\учеба\ДЗ\python\Dive into python\HW7\files,True,nzldwnew_file32.dox,349
C:\Users\Asus\Desktop\учеба\ДЗ\python\Dive into python\HW7\files,True,ofangnew_file24.dox,838
C:\Users\Asus\Desktop\учеба\ДЗ\python\Dive into python\HW7\files,True,pbthtnew_file09.dox,2166
C:\Users\Asus\Desktop\учеба\ДЗ\python\Dive into python\HW7\files,True,pooxgnew_file35.dox,1976
C:\Users\Asus\Desktop\учеба\ДЗ\python\Dive into python\HW7\files,True,pzjfinew_file15.dox,3247
C:\Users\Asus\Desktop\учеба\ДЗ\python\Dive into python\HW7\files,True,qastanew_file16.dox,1341
C:\Users\Asus\Desktop\учеба\ДЗ\python\Dive into python\HW7\files,True,qdkcbnew_file12.dox,372
C:\Users\Asus\Desktop\учеба\ДЗ\python\Dive into python\HW7\files,True,qjubunew_file01.dox,713
C:\Users\Asus\Desktop\учеба\ДЗ\python\Dive into python\HW7\files,True,qzxumnew_file16.dox,1733
C:\Users\Asus\Desktop\учеба\ДЗ\python\Dive into python\HW7\files,True,rcaexnew_file13.dox,2938
C:\Users\Asus\Desktop\учеба\ДЗ\python\Dive into python\HW7\files,True,sgwdcnew_file17.dox,1022
C:\Users\Asus\Desktop\учеба\ДЗ\python\Dive into python\HW7\files,True,srepunew_file41.dox,2143
C:\Users\Asus\Desktop\учеба\ДЗ\python\Dive into python\HW7\files,True,ttbkmnew_file28.dox,2157
C:\Users\Asus\Desktop\учеба\ДЗ\python\Dive into python\HW7\files,True,turxtnew_file02.dox,1668
C:\Users\Asus\Desktop\учеба\ДЗ\python\Dive into python\HW7\files,True,uajnsnew_file18.dox,1117
C:\Users\Asus\Desktop\учеба\ДЗ\python\Dive into python\HW7\files,True,uepibnew_file30.dox,2500
C:\Users\Asus\Desktop\учеба\ДЗ\python\Dive into python\HW7\files,True,umdhmnew_file36.dox,2214
C:\Users\Asus\Desktop\учеба\ДЗ\python\Dive into python\HW7\files,True,uusnxnew_file06.dox,1857
C:\Users\Asus\Desktop\учеба\ДЗ\python\Dive into python\HW7\files,True,uvtumnew_file42.dox,2910
C:\Users\Asus\Desktop\учеба\ДЗ\python\Dive into python\HW7\files,True,veulwnew_file19.dox,1446
C:\Users\Asus\Desktop\учеба\ДЗ\python\Dive into python\HW7\files,True,vggmdnew_file37.dox,281
C:\Users\Asus\Desktop\учеба\ДЗ\python\Dive into python\HW7\files,True,vgwfwnew_file28.dox,3324
C:\Users\Asus\Desktop\учеба\ДЗ\python\Dive into python\HW7\files,True,vivlhnew_file32.dox,1521
C:\Users\Asus\Desktop\учеба\ДЗ\python\Dive into python\HW7\files,True,vncopnew_file21.dox,2126
C:\Users\Asus\Desktop\учеба\ДЗ\python\Dive into python\HW7\files,True,vnifbnew_file20.dox,2773
C:\Users\Asus\Desktop\учеба\ДЗ\python\Dive into python\HW7\files,True,waaaanew_file03.dox,4078
C:\Users\Asus\Desktop\учеба\ДЗ\python\Dive into python\HW7\files,True,wkzvanew_file42.dox,3498
C:\Users\Asus\Desktop\учеба\ДЗ\python\Dive into python\HW7\files,True,xezjgnew_file10.dox,3433
C:\Users\Asus\Desktop\учеба\ДЗ\python\Dive into python\HW7\files,True,yaqvdnew_file10.dox,2030
C:\Users\Asus\Desktop\учеба\ДЗ\python\Dive into python\HW7\files,True,ydhxmnew_file05.dox,3887
C:\Users\Asus\Desktop\учеба\ДЗ\python\Dive into python\HW7\files,True,yyhifnew_file40.dox,3429
C:\Users\Asus\Desktop\учеба\ДЗ\python\Dive into python\HW7\files,True,yzrifnew_file22.dox,1012
C:\Users\Asus\Desktop\учеба\ДЗ\python\Dive into python\HW7\files,True,zqkeonew_file15.dox,778
C:\Users\Asus\Desktop\учеба\ДЗ\python\Dive into python\HW7\files,True,ztqtjnew_file33.dox,1193
C:\Users\Asus\Desktop\учеба\ДЗ\python\Dive into python\HW7\files,False,pictures,151742
C:\Users\Asus\Desktop\учеба\ДЗ\python\Dive into python\HW7\files,False,texts,103922
C:\Users\Asus\Desktop\учеба\ДЗ\python\Dive into python\HW7\files\pictures,True,aewwbhcqf.jpg,3512
C:\Users\Asus\Desktop\учеба\ДЗ\python\Dive into python\HW7\files\pictures,True,agwlsmmueb.png,2169
C:\Users\Asus\Desktop\учеба\ДЗ\python\Dive into python\HW7\files\pictures,True,asitlqhdcdemkpvgeuwv.jpg,1347
C:\Users\Asus\Desktop\учеба\ДЗ\python\Dive into python\HW7\files\pictures,True,bjsnmokovg.png,1661
C:\Users\Asus\Desktop\учеба\ДЗ\python\Dive into python\HW7\files\pictures,True,bskljaibeqfatrfpcyqfvxtayug.png,3281
C:\Users\Asus\Desktop\учеба\ДЗ\python\Dive into python\HW7\files\pictures,True,cqzvqbx.png,3062
C:\Users\Asus\Desktop\учеба\ДЗ\python\Dive into python\HW7\files\pictures,True,ctfpbiayfdbu.png,2413
C:\Users\Asus\Desktop\учеба\ДЗ\python\Dive into python\HW7\files\pictures,True,dazklmvqkstjwqdpwkvsu.jpg,3289
C:\Users\Asus\Desktop\учеба\ДЗ\python\Dive into python\HW7\files\pictures,True,drzdafllgpvx.png,1480
C:\Users\Asus\Desktop\учеба\ДЗ\python\Dive into python\HW7\files\pictures,True,dsuquxgeimfzfeaktqpofhadsncfe.jpg,738
C:\Users\Asus\Desktop\учеба\ДЗ\python\Dive into python\HW7\files\pictures,True,ewbdsfhvns.jpg,1184
C:\Users\Asus\Desktop\учеба\ДЗ\python\Dive into python\HW7\files\pictures,True,expvuyjbxxcvcurmsic.png,2534
C:\Users\Asus\Desktop\учеба\ДЗ\python\Dive into python\HW7\files\pictures,True,fjpebtfmhznsxziit.png,356
C:\Users\Asus\Desktop\учеба\ДЗ\python\Dive into python\HW7\files\pictures,True,ftpmiszfhlbkgopaaibvhtbzl.png,1711
C:\Users\Asus\Desktop\учеба\ДЗ\python\Dive into python\HW7\files\pictures,True,fvqpsqngimp.png,3998
C:\Users\Asus\Desktop\учеба\ДЗ\python\Dive into python\HW7\files\pictures,True,fwtayluivjexzjvgxfxy.png,2893
C:\Users\Asus\Desktop\учеба\ДЗ\python\Dive into python\HW7\files\pictures,True,hhcxlvutrbkuranmveqntxk.png,1997
C:\Users\Asus\Desktop\учеба\ДЗ\python\Dive into python\HW7\files\pictures,True,hoybnpsmbmjlvuucohzfwhye.jpg,3356
C:\Users\Asus\Desktop\учеба\ДЗ\python\Dive into python\HW7\files\pictures,True,hphwcyzkesaphaxlqillnrow.jpg,984
C:\Users\Asus\Desktop\учеба\ДЗ\python\Dive into python\HW7\files\pictures,True,iawqqruptsqempcwxawuk.png,3163
C:\Users\Asus\Desktop\учеба\ДЗ\python\Dive into python\HW7\files\pictures,True,ibxrxdabenhwozhvt.jpg,1993
C:\Users\Asus\Desktop\учеба\ДЗ\python\Dive into python\HW7\files\pictures,True,igqavwmrjomti.png,652
C:\Users\Asus\Desktop\учеба\ДЗ\python\Dive into python\HW7\files\pictures,True,ihlkxdexetthjukiiuoyvieoe.png,985
C:\Users\Asus\Desktop\учеба\ДЗ\python\Dive into python\HW7\files\pictures,True,ixkvmnyqwnfctlhs.png,803
C:\Users\Asus\Desktop\учеба\ДЗ\python\Dive into python\HW7\files\pictures,True,jbgmvkkhqniasccb.png,572
C:\Users\Asus\Desktop\учеба\ДЗ\python\Dive into python\HW7\files\pictures,True,jmlvjsxjqlcbka.jpg,2469
C:\Users\Asus\Desktop\учеба\ДЗ\python\Dive into python\HW7\files\pictures,True,jvynxlnyhfjjhkzlhf.png,3719
C:\Users\Asus\Desktop\учеба\ДЗ\python\Dive into python\HW7\files\pictures,True,lgnbwyvkejpcauwfrj.png,3147
C:\Users\Asus\Desktop\учеба\ДЗ\python\Dive into python\HW7\files\pictures,True,lgulgbhj.png,3369
C:\Users\Asus\Desktop\учеба\ДЗ\python\Dive into python\HW7\files\pictures,True,lszmxnvy.jpg,2634
C:\Users\Asus\Desktop\учеба\ДЗ\python\Dive into python\HW7\files\pictures,True,mjqrixzgdjajwvhxsunqv.jpg,3148
C:\Users\Asus\Desktop\учеба\ДЗ\python\Dive into python\HW7\files\pictures,True,mkccvbbowiesdvh.png,1901
C:\Users\Asus\Desktop\учеба\ДЗ\python\Dive into python\HW7\files\pictures,True,msuxngbu.png,2836
C:\Users\Asus\Desktop\учеба\ДЗ\python\Dive into python\HW7\files\pictures,True,nqiotudhqu.png,2461
C:\Users\Asus\Desktop\учеба\ДЗ\python\Dive into python\HW7\files\pictures,True,nxmnphqoksvidmzuswuy.png,868
C:\Users\Asus\Desktop\учеба\ДЗ\python\Dive into python\HW7\files\pictures,True,ojkgrvswvksrcvlblmfdxafntspubz.png,874
C:\Users\Asus\Desktop\учеба\ДЗ\python\Dive into python\HW7\files\pictures,True,ommelztugvporgn.jpg,475
C:\Users\Asus\Desktop\учеба\ДЗ\python\Dive into python\HW7\files\pictures,True,orbymclr.png,1078
C:\Users\Asus\Desktop\учеба\ДЗ\python\Dive into python\HW7\files\pictures,True,oskfqvjqubrvvrvnhiguwmnistqcmj.png,3318
C:\Users\Asus\Desktop\учеба\ДЗ\python\Dive into python\HW7\files\pictures,True,ozniiazjzsvmzkqufvx.png,1346
C:\Users\Asus\Desktop\учеба\ДЗ\python\Dive into python\HW7\files\pictures,True,pkcsewtseqnrrrkoycizuy.png,3783
C:\Users\Asus\Desktop\учеба\ДЗ\python\Dive into python\HW7\files\pictures,True,qgdaoxpckvoustawr.jpg,2718
C:\Users\Asus\Desktop\учеба\ДЗ\python\Dive into python\HW7\files\pictures,True,qobhjspdyammnduylw.png,2397
C:\Users\Asus\Desktop\учеба\ДЗ\python\Dive into python\HW7\files\pictures,True,qvawbnyloyckhxjn.jpg,3562
C:\Users\Asus\Desktop\учеба\ДЗ\python\Dive into python\HW7\files\pictures,True,qzdvxtzegxuhjtnsr.png,2779
C:\Users\Asus\Desktop\учеба\ДЗ\python\Dive into python\HW7\files\pictures,True,rbakazlradrki.png,3161
C:\Users\Asus\Desktop\учеба\ДЗ\python\Dive into python\HW7\files\pictures,True,rvfykmlpnrqzjlkvbnmalfkjgwxd.png,2481
C:\Users\Asus\Desktop\учеба\ДЗ\python\Dive into python\HW7\files\pictures,True,sbuknbytpcdxvesqbpmqodqhjdrkww.png,3346
C:\Users\Asus\Desktop\учеба\ДЗ\python\Dive into python\HW7\files\pictures,True,scyusop.png,3607
C:\Users\Asus\Desktop\учеба\ДЗ\python\Dive into python\HW7\files\pictures,True,shqohvyvkiaanlnncq.png,1807
C:\Users\Asus\Desktop\учеба\ДЗ\python\Dive into python\HW7\files\pictures,True,smcozrgqsxrfqoh.png,2898
C:\Users\Asus\Desktop\учеба\ДЗ\python\Dive into python\HW7\files\pictures,True,szrmrinhnpdfpdjln.png,2215
C:\Users\Asus\Desktop\учеба\ДЗ\python\Dive into python\HW7\files\pictures,True,tfqazzucbqpcfrtga.jpg,1179
C:\Users\Asus\Desktop\учеба\ДЗ\python\Dive into python\HW7\files\pictures,True,twefcxgxvfoupcrdrlbq.png,1099
C:\Users\Asus\Desktop\учеба\ДЗ\python\Dive into python\HW7\files\pictures,True,udkfnswe.jpg,2804
C:\Users\Asus\Desktop\учеба\ДЗ\python\Dive into python\HW7\files\pictures,True,vobdiysoziedzoiyx.png,4044
C:\Users\Asus\Desktop\учеба\ДЗ\python\Dive into python\HW7\files\pictures,True,woyzttilbaiuaxczfnirpvw.jpg,900
C:\Users\Asus\Desktop\учеба\ДЗ\python\Dive into python\HW7\files\pictures,True,wtnoydstdvzmflzur.png,3209
C:\Users\Asus\Desktop\учеба\ДЗ\python\Dive into python\HW7\files\pictures,True,xfxdao.png,897
C:\Users\Asus\Desktop\учеба\ДЗ\python\Dive into python\HW7\files\pictures,True,xokmeltfprvqfomwmvfcuugrap.png,3089
C:\Users\Asus\Desktop\учеба\ДЗ\python\Dive into python\HW7\files\pictures,True,xwpotqnqqcpxcrvppnamnhr.png,3016
C:\Users\Asus\Desktop\учеба\ДЗ\python\Dive into python\HW7\files\pictures,True,yjdysencrpn.jpg,3716
C:\Users\Asus\Desktop\учеба\ДЗ\python\Dive into python\HW7\files\pictures,True,zabosmnobv.jpg,2053
C:\Users\Asus\Desktop\учеба\ДЗ\python\Dive into python\HW7\files\pictures,True,zcdflbc.jpg,2132
C:\Users\Asus\Desktop\учеба\ДЗ\python\Dive into python\HW7\files\pictures,True,znvumjajqwwhiydqytt.png,3580
C:\Users\Asus\Desktop\учеба\ДЗ\python\Dive into python\HW7\files\pictures,True,ztdfqmlbnobfr.png,1494
C:\Users\Asus\Desktop\учеба\ДЗ\python\Dive into python\HW7\files\texts,True,azkdvdfldkpoxktrfdpkkyosltm.txt,3193
C:\Users\Asus\Desktop\учеба\ДЗ\python\Dive into python\HW7\files\texts,True,dxobcfgmpyroghw.doc,1529
C:\Users\Asus\Desktop\учеба\ДЗ\python\Dive into python\HW7\files\texts,True,dyijlsryqwrkzaueektwzsv.txt,3962
C:\Users\Asus\Desktop\учеба\ДЗ\python\Dive into python\HW7\files\texts,True,ebubiaupwactdhftnjpawwymewjsy.txt,1691
C:\Users\Asus\Desktop\учеба\ДЗ\python\Dive into python\HW7\files\texts,True,fnsuwtnppqkvjl.txt,1828
C:\Users\Asus\Desktop\учеба\ДЗ\python\Dive into python\HW7\files\texts,True,gdcjibmppfuscsmbuywwrpmeerxi.txt,3918
C:\Users\Asus\Desktop\учеба\ДЗ\python\Dive into python\HW7\files\texts,True,iqsgmjirrnoornfxhsyipfdeibin.txt,1847
C:\Users\Asus\Desktop\учеба\ДЗ\python\Dive into python\HW7\files\texts,True,ivrnjcpitbvqenqcnfoqzybyyivbl.doc,2706
C:\Users\Asus\Desktop\учеба\ДЗ\python\Dive into python\HW7\files\texts,True,ixpzojgllrnmxpbmdcytlgtwtf.txt,3950
C:\Users\Asus\Desktop\учеба\ДЗ\python\Dive into python\HW7\files\texts,True,izvjetaxbjuztwrbqa.txt,1657
C:\Users\Asus\Desktop\учеба\ДЗ\python\Dive into python\HW7\files\texts,True,jabskhumbjerbqcvxklxaf.txt,3873
C:\Users\Asus\Desktop\учеба\ДЗ\python\Dive into python\HW7\files\texts,True,jfnlzznpupymtkyu.txt,1371
C:\Users\Asus\Desktop\учеба\ДЗ\python\Dive into python\HW7\files\texts,True,jwyaiguh.doc,3185
C:\Users\Asus\Desktop\учеба\ДЗ\python\Dive into python\HW7\files\texts,True,jxkuotuobypp.txt,1960
C:\Users\Asus\Desktop\учеба\ДЗ\python\Dive into python\HW7\files\texts,True,kfscwoyagittj.txt,3750
C:\Users\Asus\Desktop\учеба\ДЗ\python\Dive into python\HW7\files\texts,True,llbhkgeydf.txt,3789
C:\Users\Asus\Desktop\учеба\ДЗ\python\Dive into python\HW7\files\texts,True,lusogwlsefgwzyjjuxrkkvnopbcvne.txt,2421
C:\Users\Asus\Desktop\учеба\ДЗ\python\Dive into python\HW7\files\texts,True,mvemmwcgtgzjdsafexlvcluucymvt.txt,3846
C:\Users\Asus\Desktop\учеба\ДЗ\python\Dive into python\HW7\files\texts,True,nkvhocfozcbcexopzbewqmumrdrr.doc,2269
C:\Users\Asus\Desktop\учеба\ДЗ\python\Dive into python\HW7\files\texts,True,nxxsxosssgmnlsulubhoo.txt,2116
C:\Users\Asus\Desktop\учеба\ДЗ\python\Dive into python\HW7\files\texts,True,ojitzbnes.txt,2285
C:\Users\Asus\Desktop\учеба\ДЗ\python\Dive into python\HW7\files\texts,True,ozgqsvnppsoefzlyzqvjmdqk.txt,3608
C:\Users\Asus\Desktop\учеба\ДЗ\python\Dive into python\HW7\files\texts,True,ptukjszf.txt,2381
C:\Users\Asus\Desktop\учеба\ДЗ\python\Dive into python\HW7\files\texts,True,qcblkjnwjyvrhaxlvfmwymmkyjm.txt,844
C:\Users\Asus\Desktop\учеба\ДЗ\python\Dive into python\HW7\files\texts,True,qhcyevechcfpkwkqyyfyuikcbgco.txt,1907
C:\Users\Asus\Desktop\учеба\ДЗ\python\Dive into python\HW7\files\texts,True,qpkduqroiboafqlqamoig.txt,2926
C:\Users\Asus\Desktop\учеба\ДЗ\python\Dive into python\HW7\files\texts,True,qwxtgdhanwhjzanugcbjmibz.txt,1993
C:\Users\Asus\Desktop\учеба\ДЗ\python\Dive into python\HW7\files\texts,True,rbzjnmvfgymdp.doc,3635
C:\Users\Asus\Desktop\учеба\ДЗ\python\Dive into python\HW7\files\texts,True,rvhzxinnpfqnyhgcqdamjyvpme.doc,3032
C:\Users\Asus\Desktop\учеба\ДЗ\python\Dive into python\HW7\files\texts,True,saszquyyxjpbeyncwdto.doc,2780
C:\Users\Asus\Desktop\учеба\ДЗ\python\Dive into python\HW7\files\texts,True,sflufdxbjjxigjyykpugrtxcul.txt,2568
C:\Users\Asus\Desktop\учеба\ДЗ\python\Dive into python\HW7\files\texts,True,snxxhurmrslbheakzp.doc,4048
C:\Users\Asus\Desktop\учеба\ДЗ\python\Dive into python\HW7\files\texts,True,tnmoldzvxqbmozmfwdpqooiwyte.txt,965
C:\Users\Asus\Desktop\учеба\ДЗ\python\Dive into python\HW7\files\texts,True,ugrtnnpbwug.txt,3693
C:\Users\Asus\Desktop\учеба\ДЗ\python\Dive into python\HW7\files\texts,True,ulpfhaayixhtnhbpkilwerbzvqt.txt,2984
C:\Users\Asus\Desktop\учеба\ДЗ\python\Dive into python\HW7\files\texts,True,usdgmpdesxnoo.txt,1739
C:\Users\Asus\Desktop\учеба\ДЗ\python\Dive into python\HW7\files\texts,True,wgqdrildciulhaauofhk.txt,2001
C:\Users\Asus\Desktop\учеба\ДЗ\python\Dive into python\HW7\files\texts,True,winujttxjpzrxlxrradtukhtkqayor.doc,2295
C:\Users\Asus\Desktop\учеба\ДЗ\python\Dive into python\HW7\files\texts,True,xljtrp.txt,2225
C:\Users\Asus\Desktop\учеба\ДЗ\python\Dive into python\HW7\files\texts,True,ytdzikxxtgi.doc,1152
C:\Users\Asus\Desktop\учеба\ДЗ\python\Dive into python\HW7\__pycache__,True,task4.cpython-310.pyc,2259
C:\Users\Asus\Desktop\учеба\ДЗ\python\Dive into python\HW8,True,HW8.py,2223
C:\Users\Asus\Desktop\учеба\ДЗ\python\Dive into python\HW8,True,output.csv,25024
C:\Users\Asus\Desktop\учеба\ДЗ\python\Dive into python\HW8,True,output.json,48861
C:\Users\Asus\Desktop\учеба\ДЗ\python\Dive into python\HW8,True,output.pickle,10407
C:\Users\Asus\Desktop\учеба\ДЗ\python\Dive into python\HW8,True,task1.py,882
C:\Users\Asus\Desktop\учеба\ДЗ\python\Dive into python\HW8,True,task2.py,3071
C:\Users\Asus\Desktop\учеба\ДЗ\python\Dive into python\HW8,True,task3.py,566
C:\Users\Asus\Desktop\учеба\ДЗ\python\Dive into python\HW8,True,task4.py,1714
C:\Users\Asus\Desktop\учеба\ДЗ\python\Dive into python\HW8,True,task5.py,772
C:\Users\Asus\Desktop\учеба\ДЗ\python\Dive into python\HW8,True,task6.py,1059
C:\Users\Asus\Desktop\учеба\ДЗ\python\Dive into python\HW8,True,task7.py,843
C:\Users\Asus\Desktop\учеба\ДЗ\python\Dive into python\HW8,True,__init__.py,170
